Full Complaint ID,Complaint Year Number,Month Number,Record Create Date,Complaint Precinct Code,Patrol Borough Name,County,Law Code Category Description,Offense Description,PD Code Description,Bias Motive Description,Offense Category,Arrest Date,Arrest Id
2.02004E+14,2020,3,3/28/2020,44,PATROL BORO BRONX,BRONX,FELONY,FELONY ASSAULT,"ASSAULT 2,1,UNCLASSIFIED",ANTI-ASIAN,Race/Color,3/28/2020,B32682489
2.02004E+14,2020,3,3/28/2020,44,PATROL BORO BRONX,BRONX,FELONY,FELONY ASSAULT,"ASSAULT 2,1,UNCLASSIFIED",ANTI-ASIAN,Race/Color,3/28/2020,B32682490
2.02004E+14,2020,3,3/28/2020,44,PATROL BORO BRONX,BRONX,FELONY,FELONY ASSAULT,"ASSAULT 2,1,UNCLASSIFIED",ANTI-ASIAN,Race/Color,3/28/2020,B32682492
2.02004E+14,2020,7,7/31/2020,40,PATROL BORO BRONX,BRONX,FELONY,MISCELLANEOUS PENAL LAW,AGGRAVATED HARASSMENT 1,ANTI-ASIAN,Race/Color,8/6/2020,B32692369
2.02004E+14,2020,3,3/28/2020,44,PATROL BORO BRONX,BRONX,FELONY,FELONY ASSAULT,"ASSAULT 2,1,UNCLASSIFIED",ANTI-ASIAN,Race/Color,11/3/2020,B32700799
2.01906E+14,2019,1,1/15/2019,61,PATROL BORO BKLYN SOUTH,KINGS,FELONY,MURDER & NON-NEGL. MANSLAUGHTE,"MURDER,UNCLASSIFIED",ANTI-ASIAN,Race/Color,1/16/2019,K31675023
2.02008E+14,2020,1,1/29/2020,79,PATROL BORO BKLYN NORTH,KINGS,FELONY,FELONY ASSAULT,"ASSAULT 2,1,UNCLASSIFIED",ANTI-ASIAN,Race/Color,1/29/2020,K32676408
2.02007E+14,2020,3,3/20/2020,66,PATROL BORO BKLYN SOUTH,KINGS,FELONY,GRAND LARCENY,"LARCENY,GRAND FROM PERSON,PERSONAL ELECTRONIC DEVICE(SNATCH)",ANTI-ASIAN,Race/Color,3/19/2020,K32684172
2.02008E+14,2020,3,3/24/2020,78,PATROL BORO BKLYN SOUTH,KINGS,MISDEMEANOR,OFF. AGNST PUB ORD SENSBLTY &,AGGRAVATED HARASSMENT 2,ANTI-ASIAN,Race/Color,3/24/2020,K32684518
2.02008E+14,2020,3,3/25/2020,84,PATROL BORO BKLYN NORTH,KINGS,FELONY,FELONY ASSAULT,"ASSAULT 2,1,UNCLASSIFIED",ANTI-ASIAN,Race/Color,5/12/2020,K32688835
2.02008E+14,2020,3,3/25/2020,84,PATROL BORO BKLYN NORTH,KINGS,MISDEMEANOR,ASSAULT 3 & RELATED OFFENSES,ASSAULT 3,ANTI-ASIAN,Race/Color,5/12/2020,K32688843
2.02107E+14,2021,2,2/3/2021,70,PATROL BORO BKLYN SOUTH,KINGS,MISDEMEANOR,ASSAULT 3 & RELATED OFFENSES,"MENACING,UNCLASSIFIED",ANTI-ASIAN,Race/Color,2/10/2021,K33677358
2.02107E+14,2021,3,3/9/2021,72,PATROL BORO BKLYN SOUTH,KINGS,FELONY,FELONY ASSAULT,"ASSAULT 2,1,UNCLASSIFIED",ANTI-ASIAN,Race/Color,3/9/2021,K33680922
2.02106E+14,2021,3,3/23/2021,62,PATROL BORO BKLYN SOUTH,KINGS,MISDEMEANOR,ASSAULT 3 & RELATED OFFENSES,ASSAULT 3,ANTI-ASIAN,Race/Color,3/23/2021,K33682979
2.02106E+14,2021,3,3/5/2021,62,PATROL BORO BKLYN SOUTH,KINGS,MISDEMEANOR,ASSAULT 3 & RELATED OFFENSES,ASSAULT 3,ANTI-ASIAN,Race/Color,4/7/2021,K33684477
2.02106E+14,2021,3,3/23/2021,61,PATROL BORO BKLYN SOUTH,KINGS,MISDEMEANOR,ASSAULT 3 & RELATED OFFENSES,ASSAULT 3,ANTI-ASIAN,Race/Color,4/7/2021,K33684480
2.02106E+14,2021,4,4/5/2021,61,PATROL BORO BKLYN SOUTH,KINGS,FELONY,FELONY ASSAULT,"ASSAULT 2,1,UNCLASSIFIED",ANTI-ASIAN,Race/Color,4/7/2021,K33684481
2.02107E+14,2021,4,4/27/2021,72,PATROL BORO BKLYN SOUTH,KINGS,FELONY,ROBBERY,"ROBBERY,OPEN AREA UNCLASSIFIED",ANTI-ASIAN,Race/Color,5/13/2021,K33688246
2.02107E+14,2021,6,6/11/2021,71,PATROL BORO BKLYN SOUTH,KINGS,FELONY,ROBBERY,"ROBBERY,BEGIN AS SHOPLIFTING",ANTI-ASIAN,Race/Color,6/10/2021,K33691802
2.02107E+14,2021,6,6/11/2021,71,PATROL BORO BKLYN SOUTH,KINGS,FELONY,ROBBERY,"ROBBERY,BEGIN AS SHOPLIFTING",ANTI-ASIAN,Race/Color,6/10/2021,K33691805
2.02108E+14,2021,6,6/18/2021,77,PATROL BORO BKLYN NORTH,KINGS,MISDEMEANOR,ASSAULT 3 & RELATED OFFENSES,"MENACING,UNCLASSIFIED",ANTI-ASIAN,Race/Color,6/18/2021,K33692743
2.02108E+14,2021,5,5/8/2021,75,PATROL BORO BKLYN NORTH,KINGS,MISDEMEANOR,OFF. AGNST PUB ORD SENSBLTY &,AGGRAVATED HARASSMENT 2,ANTI-ASIAN,Race/Color,7/29/2021,K33697817
2.02106E+14,2021,8,8/6/2021,61,PATROL BORO BKLYN SOUTH,KINGS,MISDEMEANOR,ASSAULT 3 & RELATED OFFENSES,ASSAULT 3,ANTI-ASIAN,Race/Color,8/6/2021,K33698818
2.02002E+14,2020,3,3/10/2020,23,PATROL BORO MAN NORTH,NEW YORK,MISDEMEANOR,ASSAULT 3 & RELATED OFFENSES,ASSAULT 3,ANTI-ASIAN,Race/Color,3/13/2020,M32682527
2.02002E+14,2020,3,3/10/2020,23,PATROL BORO MAN NORTH,NEW YORK,FELONY,MISCELLANEOUS PENAL LAW,AGGRAVATED HARASSMENT 1,ANTI-ASIAN,Race/Color,3/13/2020,M32682532
2.02001E+14,2020,3,3/16/2020,13,PATROL BORO MAN SOUTH,NEW YORK,MISDEMEANOR,ASSAULT 3 & RELATED OFFENSES,ASSAULT 3,ANTI-ASIAN,Race/Color,3/16/2020,M32682870
2.02001E+14,2020,3,3/29/2020,5,PATROL BORO MAN SOUTH,NEW YORK,MISDEMEANOR,ASSAULT 3 & RELATED OFFENSES,"MENACING,UNCLASSIFIED",ANTI-ASIAN,Race/Color,3/29/2020,M32683869
2.02001E+14,2020,3,3/10/2020,14,PATROL BORO MAN SOUTH,NEW YORK,MISDEMEANOR,ASSAULT 3 & RELATED OFFENSES,ASSAULT 3,ANTI-ASIAN,Race/Color,4/8/2020,M32684360
2.02001E+14,2020,5,5/24/2020,6,PATROL BORO MAN SOUTH,NEW YORK,FELONY,MISCELLANEOUS PENAL LAW,MENACING 1ST DEGREE (VICT NOT,ANTI-ASIAN,Race/Color,5/24/2020,M32688260
2.02001E+14,2020,5,5/16/2020,7,PATROL BORO MAN SOUTH,NEW YORK,MISDEMEANOR,OFF. AGNST PUB ORD SENSBLTY &,AGGRAVATED HARASSMENT 2,ANTI-ASIAN,Race/Color,9/27/2020,M32697732
2.02001E+14,2020,12,12/28/2020,10,PATROL BORO MAN SOUTH,NEW YORK,MISDEMEANOR,ASSAULT 3 & RELATED OFFENSES,ASSAULT 3,ANTI-ASIAN,Race/Color,12/28/2020,M32706958
2.02001E+14,2020,12,12/18/2020,6,PATROL BORO MAN SOUTH,NEW YORK,FELONY,ROBBERY,"ROBBERY,PUBLIC PLACE INSIDE",ANTI-ASIAN,Race/Color,1/11/2021,M33673062
2.02101E+14,2021,2,2/25/2021,5,PATROL BORO MAN SOUTH,NEW YORK,FELONY,FELONY ASSAULT,"ASSAULT 2,1,UNCLASSIFIED",ANTI-ASIAN,Race/Color,2/25/2021,M33678144
2.02101E+14,2021,3,3/21/2021,7,PATROL BORO MAN SOUTH,NEW YORK,FELONY,FELONY ASSAULT,"ASSAULT 2,1,UNCLASSIFIED",ANTI-ASIAN,Race/Color,3/21/2021,M33681055
2.02101E+14,2021,3,3/21/2021,9,PATROL BORO MAN SOUTH,NEW YORK,MISDEMEANOR,ASSAULT 3 & RELATED OFFENSES,ASSAULT 3,ANTI-ASIAN,Race/Color,3/22/2021,M33681143
2.02101E+14,2021,3,3/22/2021,5,PATROL BORO MAN SOUTH,NEW YORK,FELONY,FELONY ASSAULT,"ASSAULT 2,1,UNCLASSIFIED",ANTI-ASIAN,Race/Color,3/22/2021,M33681149
2.02101E+14,2021,3,3/26/2021,7,PATROL BORO MAN SOUTH,NEW YORK,FELONY,MISCELLANEOUS PENAL LAW,AGGRAVATED HARASSMENT 1,ANTI-ASIAN,Race/Color,3/26/2021,M33681677
2.02101E+14,2021,3,3/26/2021,14,PATROL BORO MAN SOUTH,NEW YORK,MISDEMEANOR,ASSAULT 3 & RELATED OFFENSES,"MENACING,UNCLASSIFIED",ANTI-ASIAN,Race/Color,3/27/2021,M33681763
2.02101E+14,2021,3,3/29/2021,14,PATROL BORO MAN SOUTH,NEW YORK,FELONY,FELONY ASSAULT,"ASSAULT 2,1,UNCLASSIFIED",ANTI-ASIAN,Race/Color,3/31/2021,M33682038
2.02101E+14,2021,4,4/6/2021,5,PATROL BORO MAN SOUTH,NEW YORK,MISDEMEANOR,OFF. AGNST PUB ORD SENSBLTY &,AGGRAVATED HARASSMENT 2,ANTI-ASIAN,Race/Color,4/6/2021,M33682684
2.02102E+14,2021,4,4/7/2021,24,PATROL BORO MAN NORTH,NEW YORK,MISDEMEANOR,ASSAULT 3 & RELATED OFFENSES,ASSAULT 3,ANTI-ASIAN,Race/Color,4/7/2021,M33682808
2.02101E+14,2021,4,4/9/2021,14,PATROL BORO MAN SOUTH,NEW YORK,MISDEMEANOR,OFF. AGNST PUB ORD SENSBLTY &,AGGRAVATED HARASSMENT 2,ANTI-ASIAN,Race/Color,4/9/2021,M33683046
2.02001E+14,2020,12,12/18/2020,6,PATROL BORO MAN SOUTH,NEW YORK,FELONY,ROBBERY,"ROBBERY,PUBLIC PLACE INSIDE",ANTI-ASIAN,Race/Color,4/14/2021,M33683594
2.02102E+14,2021,4,4/13/2021,17,PATROL BORO MAN SOUTH,NEW YORK,MISDEMEANOR,OFF. AGNST PUB ORD SENSBLTY &,AGGRAVATED HARASSMENT 2,ANTI-ASIAN,Race/Color,4/15/2021,M33683716
2.02101E+14,2021,4,4/7/2021,5,PATROL BORO MAN SOUTH,NEW YORK,MISDEMEANOR,OFF. AGNST PUB ORD SENSBLTY &,AGGRAVATED HARASSMENT 2,ANTI-ASIAN,Race/Color,4/20/2021,M33684092
2.02103E+14,2021,4,4/23/2021,25,PATROL BORO MAN NORTH,NEW YORK,FELONY,FELONY ASSAULT,"ASSAULT 2,1,UNCLASSIFIED",ANTI-ASIAN,Race/Color,4/27/2021,M33684637
2.02101E+14,2021,4,4/27/2021,9,PATROL BORO MAN SOUTH,NEW YORK,FELONY,ROBBERY,"ROBBERY,OPEN AREA UNCLASSIFIED",ANTI-ASIAN,Race/Color,4/27/2021,M33684643
2.02101E+14,2021,5,5/2/2021,14,PATROL BORO MAN SOUTH,NEW YORK,MISDEMEANOR,ASSAULT 3 & RELATED OFFENSES,ASSAULT 3,ANTI-ASIAN,Race/Color,5/1/2021,M33685070
2.02101E+14,2021,4,4/17/2021,5,PATROL BORO MAN SOUTH,NEW YORK,MISDEMEANOR,ASSAULT 3 & RELATED OFFENSES,ASSAULT 3,ANTI-ASIAN,Race/Color,5/4/2021,M33685269
2.02101E+14,2021,3,3/30/2021,14,PATROL BORO MAN SOUTH,NEW YORK,FELONY,CRIMINAL MISCHIEF & RELATED OF,"MISCHIEF,CRIMINAL,    UNCL 2ND",ANTI-ASIAN,Race/Color,5/18/2021,M33686788
2.02102E+14,2021,5,5/18/2021,18,PATROL BORO MAN SOUTH,NEW YORK,FELONY,FELONY ASSAULT,"ASSAULT 2,1,UNCLASSIFIED",ANTI-ASIAN,Race/Color,5/20/2021,M33687077
2.02101E+14,2021,5,5/26/2021,14,PATROL BORO MAN SOUTH,NEW YORK,MISDEMEANOR,ASSAULT 3 & RELATED OFFENSES,ASSAULT 3,ANTI-ASIAN,Race/Color,5/26/2021,M33687797
2.02102E+14,2021,6,6/18/2021,19,PATROL BORO MAN NORTH,NEW YORK,MISDEMEANOR,ASSAULT 3 & RELATED OFFENSES,ASSAULT 3,ANTI-ASIAN,Race/Color,6/18/2021,M33690462
2.02102E+14,2021,6,6/4/2021,17,PATROL BORO MAN SOUTH,NEW YORK,FELONY,MISCELLANEOUS PENAL LAW,AGGRAVATED HARASSMENT 1,ANTI-ASIAN,Race/Color,6/24/2021,M33691019
2.02101E+14,2021,3,3/2/2021,7,PATROL BORO MAN SOUTH,NEW YORK,FELONY,FELONY ASSAULT,"ASSAULT 2,1,UNCLASSIFIED",ANTI-ASIAN,Race/Color,6/24/2021,M33691116
2.02101E+14,2021,7,7/11/2021,14,PATROL BORO MAN SOUTH,NEW YORK,FELONY,FELONY ASSAULT,"ASSAULT 2,1,UNCLASSIFIED",ANTI-ASIAN,Race/Color,7/11/2021,M33692808
2.02101E+14,2021,5,5/22/2021,13,PATROL BORO MAN SOUTH,NEW YORK,MISDEMEANOR,ASSAULT 3 & RELATED OFFENSES,ASSAULT 3,ANTI-ASIAN,Race/Color,7/23/2021,M33694236
2.02101E+14,2021,7,7/25/2021,5,PATROL BORO MAN SOUTH,NEW YORK,FELONY,FELONY ASSAULT,"ASSAULT 2,1,UNCLASSIFIED",ANTI-ASIAN,Race/Color,7/27/2021,M33694630
2.02101E+14,2021,7,7/20/2021,9,PATROL BORO MAN SOUTH,NEW YORK,MISDEMEANOR,OFF. AGNST PUB ORD SENSBLTY &,AGGRAVATED HARASSMENT 2,ANTI-ASIAN,Race/Color,8/11/2021,M33696391
2.02101E+14,2021,8,8/22/2021,13,PATROL BORO MAN SOUTH,NEW YORK,MISDEMEANOR,ASSAULT 3 & RELATED OFFENSES,ASSAULT 3,ANTI-ASIAN,Race/Color,8/24/2021,M33698089
2.02101E+14,2021,8,8/26/2021,14,PATROL BORO MAN SOUTH,NEW YORK,FELONY,FELONY ASSAULT,"ASSAULT 2,1,UNCLASSIFIED",ANTI-ASIAN,Race/Color,8/26/2021,M33698336
2.02102E+14,2021,7,7/25/2021,20,PATROL BORO MAN NORTH,NEW YORK,VIOLATION,HARRASSMENT 2,"HARASSMENT,SUBD 1,CIVILIAN",ANTI-ASIAN,Race/Color,8/27/2021,M33698488
2.02101E+14,2021,9,9/21/2021,14,PATROL BORO MAN SOUTH,NEW YORK,MISDEMEANOR,OFF. AGNST PUB ORD SENSBLTY &,AGGRAVATED HARASSMENT 2,ANTI-ASIAN,Race/Color,9/23/2021,M33701797
2.02101E+14,2021,9,9/23/2021,7,PATROL BORO MAN SOUTH,NEW YORK,MISDEMEANOR,ASSAULT 3 & RELATED OFFENSES,"MENACING,UNCLASSIFIED",ANTI-ASIAN,Race/Color,9/23/2021,M33701825
2.02011E+14,2020,3,3/12/2020,112,PATROL BORO QUEENS NORTH,QUEENS,FELONY,MISCELLANEOUS PENAL LAW,AGGRAVATED HARASSMENT 1,ANTI-ASIAN,Race/Color,3/14/2020,Q32680497
2.02011E+14,2020,4,4/26/2020,112,PATROL BORO QUEENS NORTH,QUEENS,FELONY,CRIMINAL MISCHIEF & RELATED OF,"MISCHIEF,CRIMINAL,    UNCL 2ND",ANTI-ASIAN,Race/Color,7/7/2020,Q32688927
2.02111E+14,2021,3,3/12/2021,109,PATROL BORO QUEENS NORTH,QUEENS,FELONY,MISCELLANEOUS PENAL LAW,AGGRAVATED HARASSMENT 1,ANTI-ASIAN,Race/Color,3/12/2021,Q33678801
2.02111E+14,2021,3,3/12/2021,109,PATROL BORO QUEENS NORTH,QUEENS,MISDEMEANOR,CRIMINAL MISCHIEF & RELATED OF,"CRIMINAL MISCHIEF 4TH, GRAFFIT",ANTI-ASIAN,Race/Color,3/12/2021,Q33678904
2.02111E+14,2021,3,3/12/2021,109,PATROL BORO QUEENS NORTH,QUEENS,MISDEMEANOR,CRIMINAL MISCHIEF & RELATED OF,"CRIMINAL MISCHIEF 4TH, GRAFFIT",ANTI-ASIAN,Race/Color,3/12/2021,Q33678907
2.02111E+14,2021,3,3/12/2021,109,PATROL BORO QUEENS NORTH,QUEENS,FELONY,MISCELLANEOUS PENAL LAW,AGGRAVATED HARASSMENT 1,ANTI-ASIAN,Race/Color,3/12/2021,Q33678908
2.02111E+14,2021,4,4/17/2021,114,PATROL BORO QUEENS NORTH,QUEENS,MISDEMEANOR,OFF. AGNST PUB ORD SENSBLTY &,AGGRAVATED HARASSMENT 2,ANTI-ASIAN,Race/Color,4/17/2021,Q33682266
2.02111E+14,2021,5,5/23/2021,107,PATROL BORO QUEENS SOUTH,QUEENS,FELONY,ROBBERY,"ROBBERY,OPEN AREA UNCLASSIFIED",ANTI-ASIAN,Race/Color,7/22/2021,Q33691020
2.02111E+14,2021,7,7/21/2021,107,PATROL BORO QUEENS SOUTH,QUEENS,FELONY,FELONY ASSAULT,"ASSAULT 2,1,UNCLASSIFIED",ANTI-ASIAN,Race/Color,7/22/2021,Q33691022
2.02111E+14,2021,6,6/16/2021,107,PATROL BORO QUEENS SOUTH,QUEENS,MISDEMEANOR,ASSAULT 3 & RELATED OFFENSES,ASSAULT 3,ANTI-ASIAN,Race/Color,7/22/2021,Q33691024
2.02111E+14,2021,7,7/11/2021,107,PATROL BORO QUEENS SOUTH,QUEENS,MISDEMEANOR,ASSAULT 3 & RELATED OFFENSES,ASSAULT 3,ANTI-ASIAN,Race/Color,7/22/2021,Q33691027
2.02111E+14,2021,7,7/15/2021,110,PATROL BORO QUEENS NORTH,QUEENS,MISDEMEANOR,ASSAULT 3 & RELATED OFFENSES,ASSAULT 3,ANTI-ASIAN,Race/Color,7/26/2021,Q33691384
2.02012E+14,2020,7,7/30/2020,120,PATROL BORO STATEN ISLAND,RICHMOND,MISDEMEANOR,ASSAULT 3 & RELATED OFFENSES,ASSAULT 3,ANTI-ASIAN,Race/Color,8/6/2020,S32675773
2.02112E+14,2021,6,6/21/2021,120,PATROL BORO STATEN ISLAND,RICHMOND,MISDEMEANOR,ASSAULT 3 & RELATED OFFENSES,ASSAULT 3,ANTI-ASIAN,Race/Color,6/24/2021,S33675609
2.02001E+14,2020,4,4/21/2020,6,PATROL BORO MAN SOUTH,NEW YORK,MISDEMEANOR,CRIMINAL MISCHIEF & RELATED OF,"CRIMINAL MISCHIEF 4TH, GRAFFIT",ANTI-ASIAN,Race/Color,,
2.02001E+14,2020,4,4/8/2020,13,PATROL BORO MAN SOUTH,NEW YORK,MISDEMEANOR,CRIMINAL MISCHIEF & RELATED OF,"CRIMINAL MISCHIEF 4TH, GRAFFIT",ANTI-ASIAN,Race/Color,,
2.02001E+14,2020,9,9/2/2020,13,PATROL BORO MAN SOUTH,NEW YORK,FELONY,FELONY ASSAULT,"ASSAULT 2,1,UNCLASSIFIED",ANTI-ASIAN,Race/Color,,
2.02001E+14,2020,3,3/11/2020,14,PATROL BORO MAN SOUTH,NEW YORK,MISDEMEANOR,OFF. AGNST PUB ORD SENSBLTY &,AGGRAVATED HARASSMENT 2,ANTI-ASIAN,Race/Color,,
2.02002E+14,2020,5,5/3/2020,17,PATROL BORO MAN SOUTH,NEW YORK,MISDEMEANOR,OFF. AGNST PUB ORD SENSBLTY &,AGGRAVATED HARASSMENT 2,ANTI-ASIAN,Race/Color,,
2.02002E+14,2020,7,7/24/2020,17,PATROL BORO MAN SOUTH,NEW YORK,FELONY,FELONY ASSAULT,"ASSAULT 2,1,UNCLASSIFIED",ANTI-ASIAN,Race/Color,,
2.02002E+14,2020,4,4/19/2020,24,PATROL BORO MAN NORTH,NEW YORK,MISDEMEANOR,OFF. AGNST PUB ORD SENSBLTY &,AGGRAVATED HARASSMENT 2,ANTI-ASIAN,Race/Color,,
2.02008E+14,2020,1,1/29/2020,79,PATROL BORO BKLYN NORTH,KINGS,FELONY,FELONY ASSAULT,"ASSAULT 2,1,UNCLASSIFIED",ANTI-ASIAN,Race/Color,,
2.02009E+14,2020,10,10/18/2020,90,PATROL BORO BKLYN NORTH,KINGS,MISDEMEANOR,CRIMINAL MISCHIEF & RELATED OF,"CRIMINAL MISCHIEF 4TH, GRAFFIT",ANTI-ASIAN,Race/Color,,
2.02011E+14,2020,6,6/14/2020,111,PATROL BORO QUEENS NORTH,QUEENS,VIOLATION,HARRASSMENT 2,"HARASSMENT,SUBD 1,CIVILIAN",ANTI-ASIAN,Race/Color,,
2.021E+14,2021,2,2/19/2021,1,PATROL BORO MAN SOUTH,NEW YORK,MISDEMEANOR,ASSAULT 3 & RELATED OFFENSES,ASSAULT 3,ANTI-ASIAN,Race/Color,,
2.021E+14,2021,4,4/1/2021,1,PATROL BORO MAN SOUTH,NEW YORK,MISDEMEANOR,ASSAULT 3 & RELATED OFFENSES,"MENACING,UNCLASSIFIED",ANTI-ASIAN,Race/Color,,
2.021E+14,2021,6,6/21/2021,1,PATROL BORO MAN SOUTH,NEW YORK,MISDEMEANOR,SEX CRIMES,"CHILD, ENDANGERING WELFARE",ANTI-ASIAN,Race/Color,,
2.02101E+14,2021,2,2/25/2021,5,PATROL BORO MAN SOUTH,NEW YORK,FELONY,FELONY ASSAULT,"ASSAULT 2,1,UNCLASSIFIED",ANTI-ASIAN,Race/Color,,
2.02101E+14,2021,11,6/19/2021,5,PATROL BORO MAN SOUTH,NEW YORK,MISDEMEANOR,OFF. AGNST PUB ORD SENSBLTY &,AGGRAVATED HARASSMENT 2,ANTI-ASIAN,Race/Color,,
2.02101E+14,2021,4,4/15/2021,6,PATROL BORO MAN SOUTH,NEW YORK,MISDEMEANOR,OFF. AGNST PUB ORD SENSBLTY &,AGGRAVATED HARASSMENT 2,ANTI-ASIAN,Race/Color,,
2.02101E+14,2021,3,3/2/2021,7,PATROL BORO MAN SOUTH,NEW YORK,FELONY,FELONY ASSAULT,"ASSAULT 2,1,UNCLASSIFIED",ANTI-ASIAN,Race/Color,,
2.02101E+14,2021,2,3/3/2021,7,PATROL BORO MAN SOUTH,NEW YORK,MISDEMEANOR,OFF. AGNST PUB ORD SENSBLTY &,AGGRAVATED HARASSMENT 2,ANTI-ASIAN,Race/Color,,
2.02101E+14,2021,3,3/20/2021,7,PATROL BORO MAN SOUTH,NEW YORK,FELONY,FELONY ASSAULT,"ASSAULT 2,1,UNCLASSIFIED",ANTI-ASIAN,Race/Color,,
2.02101E+14,2021,9,9/23/2021,7,PATROL BORO MAN SOUTH,NEW YORK,MISDEMEANOR,ASSAULT 3 & RELATED OFFENSES,"MENACING,UNCLASSIFIED",ANTI-ASIAN,Race/Color,,
2.02101E+14,2021,4,4/24/2021,9,PATROL BORO MAN SOUTH,NEW YORK,FELONY,GRAND LARCENY,"LARCENY,GRAND FROM PERSON,PERSONAL ELECTRONIC DEVICE(SNATCH)",ANTI-ASIAN,Race/Color,,
2.02101E+14,2021,4,4/28/2021,9,PATROL BORO MAN SOUTH,NEW YORK,MISDEMEANOR,ASSAULT 3 & RELATED OFFENSES,ASSAULT 3,ANTI-ASIAN,Race/Color,,
2.02101E+14,2021,5,5/1/2021,9,PATROL BORO MAN SOUTH,NEW YORK,MISDEMEANOR,ASSAULT 3 & RELATED OFFENSES,ASSAULT 3,ANTI-ASIAN,Race/Color,,
2.02101E+14,2021,4,4/15/2021,10,PATROL BORO MAN SOUTH,NEW YORK,MISDEMEANOR,ASSAULT 3 & RELATED OFFENSES,ASSAULT 3,ANTI-ASIAN,Race/Color,,
2.02101E+14,2021,7,7/21/2021,10,PATROL BORO MAN SOUTH,NEW YORK,MISDEMEANOR,OFF. AGNST PUB ORD SENSBLTY &,AGGRAVATED HARASSMENT 2,ANTI-ASIAN,Race/Color,,
2.02101E+14,2021,4,4/20/2021,13,PATROL BORO MAN SOUTH,NEW YORK,MISDEMEANOR,ASSAULT 3 & RELATED OFFENSES,ASSAULT 3,ANTI-ASIAN,Race/Color,,
2.02101E+14,2021,5,5/21/2021,13,PATROL BORO MAN SOUTH,NEW YORK,MISDEMEANOR,OFF. AGNST PUB ORD SENSBLTY &,AGGRAVATED HARASSMENT 2,ANTI-ASIAN,Race/Color,,
2.02101E+14,2021,6,6/14/2021,13,PATROL BORO MAN SOUTH,NEW YORK,MISDEMEANOR,OFF. AGNST PUB ORD SENSBLTY &,AGGRAVATED HARASSMENT 2,ANTI-ASIAN,Race/Color,,
2.02101E+14,2021,6,6/21/2021,13,PATROL BORO MAN SOUTH,NEW YORK,MISDEMEANOR,ASSAULT 3 & RELATED OFFENSES,ASSAULT 3,ANTI-ASIAN,Race/Color,,
2.02101E+14,2021,3,3/8/2021,14,PATROL BORO MAN SOUTH,NEW YORK,MISDEMEANOR,ASSAULT 3 & RELATED OFFENSES,ASSAULT 3,ANTI-ASIAN,Race/Color,,
2.02101E+14,2021,3,3/25/2021,14,PATROL BORO MAN SOUTH,NEW YORK,MISDEMEANOR,CRIMINAL MISCHIEF & RELATED OF,"CRIMINAL MISCHIEF 4TH, GRAFFIT",ANTI-ASIAN,Race/Color,,
2.02101E+14,2021,3,3/28/2021,14,PATROL BORO MAN SOUTH,NEW YORK,MISDEMEANOR,ASSAULT 3 & RELATED OFFENSES,ASSAULT 3,ANTI-ASIAN,Race/Color,,
2.02101E+14,2021,3,3/30/2021,14,PATROL BORO MAN SOUTH,NEW YORK,FELONY,MISCELLANEOUS PENAL LAW,RECKLESS ENDANGERMENT 1,ANTI-ASIAN,Race/Color,,
2.02101E+14,2021,5,5/19/2021,14,PATROL BORO MAN SOUTH,NEW YORK,FELONY,ROBBERY,"ROBBERY,PERSONAL ELECTRONIC DEVICE",ANTI-ASIAN,Race/Color,,
2.02101E+14,2021,8,8/11/2021,14,PATROL BORO MAN SOUTH,NEW YORK,MISDEMEANOR,ASSAULT 3 & RELATED OFFENSES,"MENACING,UNCLASSIFIED",ANTI-ASIAN,Race/Color,,
2.02101E+14,2021,8,8/31/2021,14,PATROL BORO MAN SOUTH,NEW YORK,MISDEMEANOR,OFF. AGNST PUB ORD SENSBLTY &,AGGRAVATED HARASSMENT 2,ANTI-ASIAN,Race/Color,,
2.02102E+14,2021,3,3/28/2021,17,PATROL BORO MAN SOUTH,NEW YORK,MISDEMEANOR,OFF. AGNST PUB ORD SENSBLTY &,AGGRAVATED HARASSMENT 2,ANTI-ASIAN,Race/Color,,
2.02102E+14,2021,4,4/13/2021,17,PATROL BORO MAN SOUTH,NEW YORK,MISDEMEANOR,OFF. AGNST PUB ORD SENSBLTY &,AGGRAVATED HARASSMENT 2,ANTI-ASIAN,Race/Color,,
2.02102E+14,2021,6,6/3/2021,17,PATROL BORO MAN SOUTH,NEW YORK,MISDEMEANOR,ASSAULT 3 & RELATED OFFENSES,ASSAULT 3,ANTI-ASIAN,Race/Color,,
2.02102E+14,2021,4,4/17/2021,18,PATROL BORO MAN SOUTH,NEW YORK,MISDEMEANOR,ASSAULT 3 & RELATED OFFENSES,"MENACING,UNCLASSIFIED",ANTI-ASIAN,Race/Color,,
2.02102E+14,2021,6,6/13/2021,18,PATROL BORO MAN SOUTH,NEW YORK,MISDEMEANOR,OFF. AGNST PUB ORD SENSBLTY &,AGGRAVATED HARASSMENT 2,ANTI-ASIAN,Race/Color,,
2.02102E+14,2021,8,8/15/2021,18,PATROL BORO MAN SOUTH,NEW YORK,MISDEMEANOR,ASSAULT 3 & RELATED OFFENSES,ASSAULT 3,ANTI-ASIAN,Race/Color,,
2.02102E+14,2021,4,4/15/2021,19,PATROL BORO MAN NORTH,NEW YORK,MISDEMEANOR,OFF. AGNST PUB ORD SENSBLTY &,AGGRAVATED HARASSMENT 2,ANTI-ASIAN,Race/Color,,
2.02102E+14,2021,4,4/23/2021,19,PATROL BORO MAN NORTH,NEW YORK,FELONY,MISCELLANEOUS PENAL LAW,AGGRAVATED HARASSMENT 1,ANTI-ASIAN,Race/Color,,
2.02102E+14,2021,7,7/27/2021,19,PATROL BORO MAN NORTH,NEW YORK,MISDEMEANOR,OFF. AGNST PUB ORD SENSBLTY &,AGGRAVATED HARASSMENT 2,ANTI-ASIAN,Race/Color,,
2.02102E+14,2021,9,9/22/2021,19,PATROL BORO MAN NORTH,NEW YORK,FELONY,FELONY ASSAULT,"ASSAULT 2,1,UNCLASSIFIED",ANTI-ASIAN,Race/Color,,
2.02102E+14,2021,1,1/10/2021,20,PATROL BORO MAN NORTH,NEW YORK,MISDEMEANOR,OFF. AGNST PUB ORD SENSBLTY &,AGGRAVATED HARASSMENT 2,ANTI-ASIAN,Race/Color,,
2.02102E+14,2021,4,4/7/2021,24,PATROL BORO MAN NORTH,NEW YORK,MISDEMEANOR,ASSAULT 3 & RELATED OFFENSES,ASSAULT 3,ANTI-ASIAN,Race/Color,,
2.02103E+14,2021,4,4/23/2021,25,PATROL BORO MAN NORTH,NEW YORK,FELONY,FELONY ASSAULT,"ASSAULT 2,1,UNCLASSIFIED",ANTI-ASIAN,Race/Color,,
2.02103E+14,2021,6,6/3/2021,25,PATROL BORO MAN NORTH,NEW YORK,MISDEMEANOR,ASSAULT 3 & RELATED OFFENSES,ASSAULT 3,ANTI-ASIAN,Race/Color,,
2.02103E+14,2021,5,5/12/2021,26,PATROL BORO MAN NORTH,NEW YORK,FELONY,FELONY ASSAULT,"ASSAULT 2,1,UNCLASSIFIED",ANTI-ASIAN,Race/Color,,
2.02103E+14,2021,4,5/11/2021,28,PATROL BORO MAN NORTH,NEW YORK,MISDEMEANOR,OFF. AGNST PUB ORD SENSBLTY &,AGGRAVATED HARASSMENT 2,ANTI-ASIAN,Race/Color,,
2.02103E+14,2021,2,2/16/2021,32,PATROL BORO MAN NORTH,NEW YORK,FELONY,FELONY ASSAULT,"ASSAULT 2,1,UNCLASSIFIED",ANTI-ASIAN,Race/Color,,
2.02104E+14,2021,5,5/24/2021,44,PATROL BORO BRONX,BRONX,MISDEMEANOR,OFF. AGNST PUB ORD SENSBLTY &,AGGRAVATED HARASSMENT 2,ANTI-ASIAN,Race/Color,,
2.02105E+14,2021,4,4/28/2021,46,PATROL BORO BRONX,BRONX,MISDEMEANOR,ASSAULT 3 & RELATED OFFENSES,ASSAULT 3,ANTI-ASIAN,Race/Color,,
2.02106E+14,2021,3,3/23/2021,61,PATROL BORO BKLYN SOUTH,KINGS,MISDEMEANOR,ASSAULT 3 & RELATED OFFENSES,ASSAULT 3,ANTI-ASIAN,Race/Color,,
2.02106E+14,2021,3,3/23/2021,62,PATROL BORO BKLYN SOUTH,KINGS,MISDEMEANOR,ASSAULT 3 & RELATED OFFENSES,ASSAULT 3,ANTI-ASIAN,Race/Color,,
2.02106E+14,2021,7,7/25/2021,62,PATROL BORO BKLYN SOUTH,KINGS,FELONY,MISCELLANEOUS PENAL LAW,AGGRAVATED HARASSMENT 1,ANTI-ASIAN,Race/Color,,
2.02107E+14,2021,4,4/19/2021,66,PATROL BORO BKLYN SOUTH,KINGS,MISDEMEANOR,OFF. AGNST PUB ORD SENSBLTY &,AGGRAVATED HARASSMENT 2,ANTI-ASIAN,Race/Color,,
2.02107E+14,2021,4,4/9/2021,72,PATROL BORO BKLYN SOUTH,KINGS,MISDEMEANOR,CRIMINAL MISCHIEF & RELATED OF,"CRIMINAL MISCHIEF 4TH, GRAFFIT",ANTI-ASIAN,Race/Color,,
2.02108E+14,2021,3,3/29/2021,75,PATROL BORO BKLYN NORTH,KINGS,FELONY,MISCELLANEOUS PENAL LAW,AGGRAVATED HARASSMENT 1,ANTI-ASIAN,Race/Color,,
2.02108E+14,2021,5,5/8/2021,75,PATROL BORO BKLYN NORTH,KINGS,MISDEMEANOR,OFF. AGNST PUB ORD SENSBLTY &,AGGRAVATED HARASSMENT 2,ANTI-ASIAN,Race/Color,,
2.02108E+14,2021,9,9/6/2021,76,PATROL BORO BKLYN SOUTH,KINGS,FELONY,FELONY ASSAULT,"ASSAULT 2,1,UNCLASSIFIED",ANTI-ASIAN,Race/Color,,
2.02108E+14,2021,5,5/1/2021,83,PATROL BORO BKLYN NORTH,KINGS,FELONY,FELONY ASSAULT,"ASSAULT 2,1,UNCLASSIFIED",ANTI-ASIAN,Race/Color,,
2.02108E+14,2021,2,3/2/2021,84,PATROL BORO BKLYN NORTH,KINGS,MISDEMEANOR,ASSAULT 3 & RELATED OFFENSES,ASSAULT 3,ANTI-ASIAN,Race/Color,,
2.02108E+14,2021,5,5/14/2021,84,PATROL BORO BKLYN NORTH,KINGS,MISDEMEANOR,OFF. AGNST PUB ORD SENSBLTY &,AGGRAVATED HARASSMENT 2,ANTI-ASIAN,Race/Color,,
2.02108E+14,2021,5,5/21/2021,84,PATROL BORO BKLYN NORTH,KINGS,MISDEMEANOR,ASSAULT 3 & RELATED OFFENSES,ASSAULT 3,ANTI-ASIAN,Race/Color,,
2.02109E+14,2021,3,3/19/2021,88,PATROL BORO BKLYN NORTH,KINGS,FELONY,FELONY ASSAULT,"ASSAULT 2,1,UNCLASSIFIED",ANTI-ASIAN,Race/Color,,
2.02109E+14,2021,3,3/20/2021,88,PATROL BORO BKLYN NORTH,KINGS,MISDEMEANOR,OFF. AGNST PUB ORD SENSBLTY &,AGGRAVATED HARASSMENT 2,ANTI-ASIAN,Race/Color,,
2.0211E+14,2021,4,4/8/2021,101,PATROL BORO QUEENS SOUTH,QUEENS,FELONY,FELONY ASSAULT,"ASSAULT 2,1,UNCLASSIFIED",ANTI-ASIAN,Race/Color,,
2.0211E+14,2021,3,3/29/2021,104,PATROL BORO QUEENS NORTH,QUEENS,MISDEMEANOR,ASSAULT 3 & RELATED OFFENSES,"MENACING,UNCLASSIFIED",ANTI-ASIAN,Race/Color,,
2.02111E+14,2021,5,5/23/2021,107,PATROL BORO QUEENS SOUTH,QUEENS,FELONY,ROBBERY,"ROBBERY,OPEN AREA UNCLASSIFIED",ANTI-ASIAN,Race/Color,,
2.02111E+14,2021,3,3/26/2021,108,PATROL BORO QUEENS NORTH,QUEENS,MISDEMEANOR,ASSAULT 3 & RELATED OFFENSES,ASSAULT 3,ANTI-ASIAN,Race/Color,,
2.02111E+14,2021,4,4/26/2021,108,PATROL BORO QUEENS NORTH,QUEENS,MISDEMEANOR,ASSAULT 3 & RELATED OFFENSES,ASSAULT 3,ANTI-ASIAN,Race/Color,,
2.02111E+14,2021,5,5/18/2021,108,PATROL BORO QUEENS NORTH,QUEENS,MISDEMEANOR,ASSAULT 3 & RELATED OFFENSES,ASSAULT 3,ANTI-ASIAN,Race/Color,,
2.02111E+14,2021,5,5/22/2021,108,PATROL BORO QUEENS NORTH,QUEENS,MISDEMEANOR,OFF. AGNST PUB ORD SENSBLTY &,AGGRAVATED HARASSMENT 2,ANTI-ASIAN,Race/Color,,
2.02111E+14,2021,3,3/12/2021,109,PATROL BORO QUEENS NORTH,QUEENS,FELONY,MISCELLANEOUS PENAL LAW,AGGRAVATED HARASSMENT 1,ANTI-ASIAN,Race/Color,,
2.02111E+14,2021,3,3/16/2021,109,PATROL BORO QUEENS NORTH,QUEENS,FELONY,FELONY ASSAULT,"ASSAULT 2,1,UNCLASSIFIED",ANTI-ASIAN,Race/Color,,
2.02111E+14,2021,3,3/21/2021,109,PATROL BORO QUEENS NORTH,QUEENS,MISDEMEANOR,CRIMINAL MISCHIEF & RELATED OF,"CRIMINAL MISCHIEF,UNCLASSIFIED 4",ANTI-ASIAN,Race/Color,,
2.02111E+14,2021,3,3/23/2021,110,PATROL BORO QUEENS NORTH,QUEENS,FELONY,CRIMINAL MISCHIEF & RELATED OF,"MISCHIEF,CRIMINAL,    UNCL 2ND",ANTI-ASIAN,Race/Color,,
2.02111E+14,2021,3,3/9/2021,111,PATROL BORO QUEENS NORTH,QUEENS,MISDEMEANOR,OFF. AGNST PUB ORD SENSBLTY &,AGGRAVATED HARASSMENT 2,ANTI-ASIAN,Race/Color,,
2.02111E+14,2021,6,6/9/2021,111,PATROL BORO QUEENS NORTH,QUEENS,FELONY,CRIMINAL MISCHIEF & RELATED OF,"MISCHIEF, CRIMINAL 3 & 2, OF M",ANTI-ASIAN,Race/Color,,
2.02111E+14,2021,5,6/26/2021,111,PATROL BORO QUEENS NORTH,QUEENS,MISDEMEANOR,CRIMINAL MISCHIEF & RELATED OF,"CRIMINAL MISCHIEF 4TH, GRAFFIT",ANTI-ASIAN,Race/Color,,
2.02111E+14,2021,4,4/10/2021,114,PATROL BORO QUEENS NORTH,QUEENS,MISDEMEANOR,ASSAULT 3 & RELATED OFFENSES,"MENACING,UNCLASSIFIED",ANTI-ASIAN,Race/Color,,
2.02111E+14,2021,5,5/1/2021,114,PATROL BORO QUEENS NORTH,QUEENS,MISDEMEANOR,OFF. AGNST PUB ORD SENSBLTY &,AGGRAVATED HARASSMENT 2,ANTI-ASIAN,Race/Color,,
2.02112E+14,2021,4,4/7/2021,120,PATROL BORO STATEN ISLAND,RICHMOND,FELONY,CRIMINAL MISCHIEF & RELATED OF,"MISCHIEF, CRIMINAL 3 & 2, OF M",ANTI-ASIAN,Race/Color,,
